tiempo_s,ecg_mV
0.000000,-0.012651
0.002778,0.149100
0.005556,0.135351
0.008333,0.010329
0.011111,-0.142921
0.013889,-0.110229
0.016667,0.010954
0.019444,0.126627
0.022222,0.153051
0.025000,0.023419
0.027778,-0.112025
0.030556,-0.127071
0.033333,0.026676
0.036111,0.186327
0.038889,0.132434
0.041667,0.047115
0.044444,-0.094559
0.047222,-0.099907
0.050000,0.026762
0.052778,0.145724
0.055556,0.199820
0.058333,0.048726
0.061111,-0.057077
0.063889,-0.034557
0.066667,0.101375
0.069444,0.199427
0.072222,0.266119
0.075000,0.107729
0.077778,-0.036702
0.080556,0.073640
0.083333,0.154172
0.086111,0.279639
0.088889,0.328054
0.091667,0.184000
0.094444,0.026412
0.097222,0.064233
0.100000,0.188783
0.102778,0.318437
0.105556,0.285082
0.108333,0.173918
0.111111,0.052480
0.113889,0.061075
0.116667,0.179073
0.119444,0.279440
0.122222,0.320527
0.125000,0.154385
0.127778,0.008679
0.130556,0.036065
0.133333,0.082387
0.136111,0.236644
0.138889,0.260575
0.141667,0.132013
0.144444,-0.009160
0.147222,-0.040711
0.150000,0.101378
0.152778,0.250314
0.155556,0.229495
0.158333,0.072249
0.161111,-0.029540
0.163889,-0.052947
0.166667,0.056612
0.169444,0.219607
0.172222,0.217633
0.175000,0.059162
0.177778,-0.028181
0.180556,-0.071996
0.183333,0.077123
0.186111,0.213303
0.188889,0.207021
0.191667,0.076216
0.194444,-0.036187
0.197222,-0.036762
0.200000,0.094563
0.202778,0.203020
0.205556,0.209027
0.208333,0.093337
0.211111,-0.042454
0.213889,-0.025806
0.216667,0.122067
0.219444,0.282407
0.222222,0.239581
0.225000,0.052896
0.227778,-0.022444
0.230556,-0.034051
0.233333,0.103250
0.236111,0.267545
0.238889,0.221055
0.241667,0.134058
0.244444,-0.041502
0.247222,-0.050764
0.250000,0.087199
0.252778,0.173745
0.255556,0.117470
0.258333,0.039437
0.261111,-0.099706
0.263889,-0.133441
0.266667,0.041204
0.269444,0.230084
0.272222,0.250479
0.275000,0.213872
0.277778,0.166225
0.280556,0.271829
0.283333,0.565074
0.286111,0.853622
0.288889,1.039660
0.291667,1.109233
0.294444,1.113079
0.297222,1.204979
0.300000,1.333489
0.302778,1.429621
0.305556,1.357462
0.308333,1.088679
0.311111,0.766591
0.313889,0.625489
0.316667,0.532488
0.319444,0.497300
0.322222,0.362401
0.325000,0.081500
0.327778,-0.053198
0.330556,-0.173787
0.333333,-0.063908
0.336111,0.046122
0.338889,0.031176
0.341667,-0.020482
0.344444,-0.115335
0.347222,-0.110324
0.350000,0.079432
0.352778,0.217559
0.355556,0.228045
0.358333,0.102155
0.361111,0.036826
0.363889,0.046352
0.366667,0.112971
0.369444,0.311865
0.372222,0.314984
0.375000,0.167967
0.377778,0.030771
0.380556,0.068558
0.383333,0.184739
0.386111,0.306240
0.388889,0.320854
0.391667,0.157576
0.394444,0.057531
0.397222,0.050915
0.400000,0.191688
0.402778,0.309844
0.405556,0.326539
0.408333,0.174780
0.411111,0.078360
0.413889,0.063574
0.416667,0.165507
0.419444,0.270094
0.422222,0.322827
0.425000,0.183567
0.427778,0.042157
0.430556,0.014957
0.433333,0.199783
0.436111,0.342077
0.438889,0.355375
0.441667,0.179852
0.444444,0.053919
0.447222,0.069767
0.450000,0.223510
0.452778,0.326924
0.455556,0.363051
0.458333,0.213681
0.461111,0.082413
0.463889,0.087147
0.466667,0.265089
0.469444,0.386535
0.472222,0.363890
0.475000,0.241794
0.477778,0.078152
0.480556,0.162722
0.483333,0.238239
0.486111,0.417585
0.488889,0.395084
0.491667,0.321056
0.494444,0.190119
0.497222,0.192314
0.500000,0.355463
0.502778,0.507735
0.505556,0.516571
0.508333,0.357066
0.511111,0.239097
0.513889,0.271534
0.516667,0.461124
0.519444,0.541252
0.522222,0.594385
0.525000,0.485452
0.527778,0.335836
0.530556,0.363401
0.533333,0.472589
0.536111,0.606103
0.538889,0.618793
0.541667,0.519820
0.544444,0.349619
0.547222,0.372448
0.550000,0.540742
0.552778,0.626011
0.555556,0.650768
0.558333,0.509716
0.561111,0.357073
0.563889,0.352764
0.566667,0.502978
0.569444,0.636035
0.572222,0.635472
0.575000,0.435053
0.577778,0.324788
0.580556,0.286732
0.583333,0.455898
0.586111,0.566441
0.588889,0.568389
0.591667,0.404855
0.594444,0.272209
0.597222,0.257097
0.600000,0.380103
0.602778,0.479454
0.605556,0.464261
0.608333,0.311831
0.611111,0.187559
0.613889,0.184706
0.616667,0.273511
0.619444,0.428992
0.622222,0.401128
0.625000,0.284998
0.627778,0.166792
0.630556,0.139577
0.633333,0.242391
0.636111,0.411585
0.638889,0.355762
0.641667,0.306912
0.644444,0.126879
0.647222,0.101913
0.650000,0.231365
0.652778,0.366416
0.655556,0.418627
0.658333,0.229245
0.661111,0.079870
0.663889,0.116566
0.666667,0.242808
0.669444,0.359595
0.672222,0.367323
0.675000,0.233432
0.677778,0.107641
0.680556,0.105999
0.683333,0.221801
0.686111,0.394027
0.688889,0.355926
0.691667,0.258024
0.694444,0.112555
0.697222,0.119292
0.700000,0.241570
0.702778,0.362125
0.705556,0.337155
0.708333,0.242001
0.711111,0.125233
0.713889,0.131118
0.716667,0.196253
0.719444,0.355048
0.722222,0.383553
0.725000,0.218356
0.727778,0.112289
0.730556,0.110958
0.733333,0.281885
0.736111,0.382074
0.738889,0.398585
0.741667,0.262401
0.744444,0.130015
0.747222,0.124631
0.750000,0.230569
0.752778,0.354412
0.755556,0.389909
0.758333,0.248254
0.761111,0.106123
0.763889,0.114656
0.766667,0.237891
0.769444,0.387605
0.772222,0.360431
0.775000,0.265224
0.777778,0.084279
0.780556,0.108325
0.783333,0.268481
0.786111,0.383360
0.788889,0.372714
0.791667,0.211939
0.794444,0.111853
0.797222,0.129114
0.800000,0.287889
0.802778,0.370158
0.805556,0.376775
0.808333,0.242389
0.811111,0.126779
0.813889,0.109858
0.816667,0.233112
0.819444,0.386151
0.822222,0.385240
0.825000,0.247151
0.827778,0.077176
0.830556,0.110238
0.833333,0.264421
0.836111,0.396609
0.838889,0.388784
0.841667,0.271120
0.844444,0.125360
0.847222,0.147520
0.850000,0.282858
0.852778,0.378950
0.855556,0.411417
0.858333,0.267187
0.861111,0.153165
0.863889,0.182657
0.866667,0.313698
0.869444,0.439759
0.872222,0.470239
0.875000,0.327891
0.877778,0.194043
0.880556,0.247102
0.883333,0.349319
0.886111,0.511629
0.888889,0.509868
0.891667,0.402687
0.894444,0.272436
0.897222,0.279063
0.900000,0.421969
0.902778,0.531362
0.905556,0.529447
0.908333,0.443160
0.911111,0.238115
0.913889,0.245433
0.916667,0.380139
0.919444,0.478819
0.922222,0.498410
0.925000,0.283532
0.927778,0.194831
0.930556,0.176277
0.933333,0.270869
0.936111,0.458385
0.938889,0.407998
0.941667,0.331654
0.944444,0.132951
0.947222,0.111879
0.950000,0.235661
0.952778,0.382633
0.955556,0.368897
0.958333,0.229040
0.961111,0.130063
0.963889,0.125265
0.966667,0.260005
0.969444,0.349976
0.972222,0.395474
0.975000,0.224820
0.977778,0.085496
0.980556,0.096174
0.983333,0.237483
0.986111,0.400906
0.988889,0.362869
0.991667,0.218686
0.994444,0.121866
0.997222,0.109538
1.000000,0.245132
1.002778,0.370780
1.005556,0.380061
1.008333,0.275874
1.011111,0.092635
1.013889,0.101423
1.016667,0.247884
1.019444,0.388398
1.022222,0.376031
1.025000,0.209923
1.027778,0.132049
1.030556,0.066138
1.033333,0.234579
1.036111,0.328249
1.038889,0.382862
1.041667,0.238799
1.044444,0.083141
1.047222,0.061572
1.050000,0.182132
1.052778,0.302101
1.055556,0.289580
1.058333,0.168933
1.061111,0.034007
1.063889,0.017776
1.066667,0.118676
1.069444,0.293150
1.072222,0.338567
1.075000,0.301219
1.077778,0.251063
1.080556,0.394330
1.083333,0.649825
1.086111,0.935868
1.088889,1.160415
1.091667,1.133296
1.094444,1.150010
1.097222,1.232411
1.100000,1.442984
1.102778,1.546837
1.105556,1.418707
1.108333,1.127854
1.111111,0.853965
1.113889,0.639159
1.116667,0.646106
1.119444,0.565602
1.122222,0.458578
1.125000,0.193609
1.127778,-0.061904
1.130556,-0.067480
1.133333,-0.000969
1.136111,0.098584
1.138889,0.136509
1.141667,0.008778
1.144444,-0.063153
1.147222,-0.058837
1.150000,0.138802
1.152778,0.292805
1.155556,0.292414
1.158333,0.185041
1.161111,0.073654
1.163889,0.073248
1.166667,0.186812
1.169444,0.333640
1.172222,0.301916
1.175000,0.238273
1.177778,0.058747
1.180556,0.053012
1.183333,0.194475
1.186111,0.334505
1.188889,0.342226
1.191667,0.206390
1.194444,0.089809
1.197222,0.116877
1.200000,0.175372
1.202778,0.359399
1.205556,0.300920
1.208333,0.194560
1.211111,0.051907
1.213889,0.099583
1.216667,0.228851
1.219444,0.308158
1.222222,0.304157
1.225000,0.190803
1.227778,0.082450
1.230556,0.069925
1.233333,0.198872
1.236111,0.293957
1.238889,0.346241
1.241667,0.188985
1.244444,0.051271
1.247222,0.038609
1.250000,0.144454
1.252778,0.332139
1.255556,0.288903
1.258333,0.192067
1.261111,0.089507
1.263889,0.060509
1.266667,0.214463
1.269444,0.330458
1.272222,0.341640
1.275000,0.201793
1.277778,0.089892
1.280556,0.106028
1.283333,0.237144
1.286111,0.381121
1.288889,0.401741
1.291667,0.298096
1.294444,0.100115
1.297222,0.168081
1.300000,0.265558
1.302778,0.408658
1.305556,0.445782
1.308333,0.330097
1.311111,0.225180
1.313889,0.210640
1.316667,0.314951
1.319444,0.483582
1.322222,0.495717
1.325000,0.373616
1.327778,0.271048
1.330556,0.295441
1.333333,0.420833
1.336111,0.553109
1.338889,0.558376
1.341667,0.442694
1.344444,0.295792
1.347222,0.295041
1.350000,0.428634
1.352778,0.557195
1.355556,0.569623
1.358333,0.402418
1.361111,0.261854
1.363889,0.301448
1.366667,0.388306
1.369444,0.556029
1.372222,0.503270
1.375000,0.356885
1.377778,0.266957
1.380556,0.225882
1.383333,0.325388
1.386111,0.445373
1.388889,0.468278
1.391667,0.281333
1.394444,0.121122
1.397222,0.160991
1.400000,0.217770
1.402778,0.354236
1.405556,0.358817
1.408333,0.183164
1.411111,0.038170
1.413889,0.084970
1.416667,0.184914
1.419444,0.324988
1.422222,0.274556
1.425000,0.142268
1.427778,0.024253
1.430556,0.023767
1.433333,0.145428
1.436111,0.292225
1.438889,0.234422
1.441667,0.109678
1.444444,0.001781
1.447222,-0.064505
1.450000,0.085823
1.452778,0.233486
1.455556,0.228912
1.458333,0.099952
1.461111,-0.031240
1.463889,-0.036499
1.466667,0.125767
1.469444,0.242641
1.472222,0.239421
1.475000,0.051437
1.477778,-0.048248
1.480556,-0.024094
1.483333,0.092363
1.486111,0.206043
1.488889,0.190678
1.491667,0.096351
1.494444,-0.060251
1.497222,-0.059177
1.500000,0.067799
1.502778,0.189738
1.505556,0.184123
1.508333,0.049944
1.511111,-0.073714
1.513889,-0.091969
1.516667,0.054929
1.519444,0.206863
1.522222,0.191534
1.525000,0.062357
1.527778,-0.050818
1.530556,-0.048472
1.533333,0.083231
1.536111,0.198160
1.538889,0.187424
1.541667,0.054987
1.544444,-0.109406
1.547222,-0.082440
1.550000,0.078318
1.552778,0.165501
1.555556,0.154172
1.558333,0.043479
1.561111,-0.117840
1.563889,-0.055256
1.566667,0.069443
1.569444,0.166534
1.572222,0.163803
1.575000,0.013436
1.577778,-0.114264
1.580556,-0.092551
1.583333,0.061884
1.586111,0.175778
1.588889,0.190606
1.591667,0.054873
1.594444,-0.115521
1.597222,-0.063704
1.600000,0.018079
1.602778,0.132285
1.605556,0.135417
1.608333,0.011916
1.611111,-0.066018
1.613889,-0.138095
1.616667,0.021268
1.619444,0.127647
1.622222,0.119771
1.625000,0.020309
1.627778,-0.105826
1.630556,-0.138785
1.633333,0.024061
1.636111,0.154592
1.638889,0.156504
1.641667,-0.004446
1.644444,-0.097421
1.647222,-0.084493
1.650000,0.002351
1.652778,0.151671
1.655556,0.159017
1.658333,0.056329
1.661111,-0.092219
1.663889,-0.096154
1.666667,0.029902
1.669444,0.216195
1.672222,0.198881
1.675000,0.096738
1.677778,-0.033904
1.680556,-0.047685
1.683333,0.078443
1.686111,0.245062
1.688889,0.236892
1.691667,0.103365
1.694444,-0.007736
1.697222,-0.010272
1.700000,0.126869
1.702778,0.270069
1.705556,0.257903
1.708333,0.107424
1.711111,0.001760
1.713889,-0.040075
1.716667,0.088520
1.719444,0.224987
1.722222,0.210513
1.725000,0.071369
1.727778,-0.109300
1.730556,-0.093593
1.733333,0.025520
1.736111,0.135937
1.738889,0.138232
1.741667,0.002966
1.744444,-0.133943
1.747222,-0.194773
1.750000,-0.031307
1.752778,0.119464
1.755556,0.143482
1.758333,-0.041640
1.761111,-0.191263
1.763889,-0.175599
1.766667,-0.048019
1.769444,0.089023
1.772222,0.039482
1.775000,-0.052747
1.777778,-0.173577
1.780556,-0.187658
1.783333,-0.066120
1.786111,0.063283
1.788889,0.089261
1.791667,-0.093779
1.794444,-0.173301
1.797222,-0.187223
1.800000,-0.087441
1.802778,0.088144
1.805556,0.045208
1.808333,-0.080223
1.811111,-0.161958
1.813889,-0.198387
1.816667,-0.070663
1.819444,0.053630
1.822222,0.043090
1.825000,-0.059587
1.827778,-0.213066
1.830556,-0.226415
1.833333,-0.080527
1.836111,0.043134
1.838889,0.029321
1.841667,-0.101842
1.844444,-0.226197
1.847222,-0.242304
1.850000,-0.099379
1.852778,0.007024
1.855556,-0.016123
1.858333,-0.168069
1.861111,-0.331814
1.863889,-0.337411
1.866667,-0.177867
1.869444,-0.023647
1.872222,0.025099
1.875000,-0.038257
1.877778,-0.075552
1.880556,0.026793
1.883333,0.339180
1.886111,0.626742
1.888889,0.807841
1.891667,0.865898
1.894444,0.843303
1.897222,0.935710
1.900000,1.109370
1.902778,1.171771
1.905556,1.106032
1.908333,0.827548
1.911111,0.520051
1.913889,0.323115
1.916667,0.301177
1.919444,0.311219
1.922222,0.115759
1.925000,-0.152467
1.927778,-0.336069
1.930556,-0.422996
1.933333,-0.347023
1.936111,-0.228146
1.938889,-0.217784
1.941667,-0.309785
1.944444,-0.414554
1.947222,-0.343815
1.950000,-0.232889
1.952778,-0.034366
1.955556,-0.019219
1.958333,-0.125274
1.961111,-0.248440
1.963889,-0.277417
1.966667,-0.122105
1.969444,-0.019460
1.972222,-0.023692
1.975000,-0.139238
1.977778,-0.274558
1.980556,-0.281065
1.983333,-0.135391
1.986111,0.007462
1.988889,-0.010831
1.991667,-0.159649
1.994444,-0.259306
1.997222,-0.281226
2.000000,-0.173507
2.002778,-0.025190
2.005556,-0.016678
2.008333,-0.157470
2.011111,-0.267937
2.013889,-0.269110
2.016667,-0.165750
2.019444,-0.001555
2.022222,-0.010105
2.025000,-0.155075
2.027778,-0.283817
2.030556,-0.263749
2.033333,-0.128766
2.036111,-0.057097
2.038889,-0.036462
2.041667,-0.140269
2.044444,-0.293994
2.047222,-0.296674
2.050000,-0.143741
2.052778,0.002252
2.055556,0.003460
2.058333,-0.114902
2.061111,-0.275294
2.063889,-0.272159
2.066667,-0.164821
2.069444,0.007726
2.072222,0.014009
2.075000,-0.124960
2.077778,-0.283633
2.080556,-0.252211
2.083333,-0.102064
2.086111,0.054291
2.088889,0.060065
2.091667,-0.054858
2.094444,-0.216921
2.097222,-0.211280
2.100000,-0.052743
2.102778,0.105849
2.105556,0.126751
2.108333,-0.031164
2.111111,-0.126494
2.113889,-0.101137
2.116667,0.046021
2.119444,0.184098
2.122222,0.128110
2.125000,0.054213
2.127778,-0.111164
2.130556,-0.054927
2.133333,0.089578
2.136111,0.237896
2.138889,0.212704
2.141667,0.094151
2.144444,-0.044032
2.147222,-0.026086
2.150000,0.084045
2.152778,0.214453
2.155556,0.203809
2.158333,0.109334
2.161111,-0.043221
2.163889,-0.029144
2.166667,0.073361
2.169444,0.188029
2.172222,0.163717
2.175000,0.054806
2.177778,-0.114299
2.180556,-0.134106
2.183333,0.024647
2.186111,0.117520
2.188889,0.105398
2.191667,-0.039570
2.194444,-0.184948
2.197222,-0.173287
2.200000,-0.041835
2.202778,0.034741
2.205556,0.026588
2.208333,-0.072940
2.211111,-0.256140
2.213889,-0.256657
2.216667,-0.144366
2.219444,-0.000643
2.222222,-0.062601
2.225000,-0.165969
2.227778,-0.296076
2.230556,-0.321454
2.233333,-0.188541
2.236111,-0.097951
2.238889,-0.054321
2.241667,-0.195785
2.244444,-0.336630
2.247222,-0.407117
2.250000,-0.253047
2.252778,-0.104266
2.255556,-0.090122
2.258333,-0.225420
2.261111,-0.295533
2.263889,-0.364244
2.266667,-0.191536
2.269444,-0.086365
2.272222,-0.084346
2.275000,-0.217368
2.277778,-0.338445
2.280556,-0.359574
2.283333,-0.244986
2.286111,-0.109269
2.288889,-0.098870
2.291667,-0.246287
2.294444,-0.394409
2.297222,-0.332319
2.300000,-0.228830
2.302778,-0.121613
2.305556,-0.107336
2.308333,-0.235293
2.311111,-0.359479
2.313889,-0.362925
2.316667,-0.249483
2.319444,-0.110450
2.322222,-0.126764
2.325000,-0.242382
2.327778,-0.416564
2.330556,-0.353493
2.333333,-0.235694
2.336111,-0.105946
2.338889,-0.117971
2.341667,-0.209669
2.344444,-0.355992
2.347222,-0.374052
2.350000,-0.229354
2.352778,-0.101225
2.355556,-0.138827
2.358333,-0.248735
2.361111,-0.392552
2.363889,-0.373736
2.366667,-0.236841
2.369444,-0.111524
2.372222,-0.116071
2.375000,-0.229538
2.377778,-0.372746
2.380556,-0.381281
2.383333,-0.223385
2.386111,-0.110407
2.388889,-0.117296
2.391667,-0.271485
2.394444,-0.363728
2.397222,-0.371069
2.400000,-0.247172
2.402778,-0.113738
2.405556,-0.090119
2.408333,-0.258398
2.411111,-0.358433
2.413889,-0.382144
2.416667,-0.244005
2.419444,-0.145864
2.422222,-0.136518
2.425000,-0.229431
2.427778,-0.357276
2.430556,-0.343134
2.433333,-0.257966
2.436111,-0.125128
2.438889,-0.131289
2.441667,-0.197657
2.444444,-0.389827
2.447222,-0.356604
2.450000,-0.210382
2.452778,-0.122896
2.455556,-0.128970
2.458333,-0.252161
2.461111,-0.351221
2.463889,-0.305611
2.466667,-0.160108
2.469444,-0.033764
2.472222,-0.062594
2.475000,-0.142261
2.477778,-0.292036
2.480556,-0.274799
2.483333,-0.135440
2.486111,0.014417
2.488889,0.013238
2.491667,-0.127650
2.494444,-0.222112
2.497222,-0.213933
2.500000,-0.108022
2.502778,-0.000990
2.505556,0.045690
2.508333,-0.118204
2.511111,-0.235545
2.513889,-0.244221
2.516667,-0.145089
2.519444,0.019240
2.522222,0.015885
2.525000,-0.142113
2.527778,-0.300738
2.530556,-0.312538
2.533333,-0.168282
2.536111,-0.030586
2.538889,-0.120161
2.541667,-0.196256
2.544444,-0.331904
2.547222,-0.324898
2.550000,-0.245409
2.552778,-0.104051
2.555556,-0.115133
2.558333,-0.237915
2.561111,-0.383288
2.563889,-0.396512
2.566667,-0.283660
2.569444,-0.148516
2.572222,-0.128016
2.575000,-0.238499
2.577778,-0.368725
2.580556,-0.360764
2.583333,-0.249011
2.586111,-0.130695
2.588889,-0.130619
2.591667,-0.264092
2.594444,-0.376437
2.597222,-0.378813
2.600000,-0.259123
2.602778,-0.124751
2.605556,-0.098446
2.608333,-0.240761
2.611111,-0.398645
2.613889,-0.379782
2.616667,-0.223824
2.619444,-0.121256
2.622222,-0.131351
2.625000,-0.233755
2.627778,-0.349648
2.630556,-0.357610
2.633333,-0.248843
2.636111,-0.124651
2.638889,-0.090304
2.641667,-0.267393
2.644444,-0.397897
2.647222,-0.387565
2.650000,-0.240956
2.652778,-0.180287
2.655556,-0.176941
2.658333,-0.378753
2.661111,-0.430887
2.663889,-0.508335
2.666667,-0.359302
2.669444,-0.169218
2.672222,-0.139217
2.675000,-0.174884
2.677778,-0.202868
2.680556,-0.060759
2.683333,0.165416
2.686111,0.476134
2.688889,0.642782
2.691667,0.680384
2.694444,0.725622
2.697222,0.799046
2.700000,0.985173
2.702778,1.093090
2.705556,0.966380
2.708333,0.732594
2.711111,0.409777
2.713889,0.212022
2.716667,0.199126
2.719444,0.177382
2.722222,0.026841
2.725000,-0.240354
2.727778,-0.480324
2.730556,-0.533733
2.733333,-0.479646
2.736111,-0.323083
2.738889,-0.310609
2.741667,-0.409242
2.744444,-0.517731
2.747222,-0.452373
2.750000,-0.260344
2.752778,-0.133400
2.755556,-0.097323
2.758333,-0.225592
2.761111,-0.362728
2.763889,-0.344580
2.766667,-0.225623
2.769444,-0.076364
2.772222,-0.117844
2.775000,-0.231756
2.777778,-0.370300
2.780556,-0.359589
2.783333,-0.202464
2.786111,-0.091609
2.788889,-0.066185
2.791667,-0.183682
2.794444,-0.371740
2.797222,-0.333342
2.800000,-0.214020
2.802778,-0.063574
2.805556,-0.089989
2.808333,-0.192896
2.811111,-0.360397
2.813889,-0.310234
2.816667,-0.162163
2.819444,-0.101932
2.822222,-0.070952
2.825000,-0.208960
2.827778,-0.314177
2.830556,-0.326630
2.833333,-0.184071
2.836111,-0.057696
2.838889,-0.076737
2.841667,-0.173836
2.844444,-0.332278
2.847222,-0.306531
2.850000,-0.171641
2.852778,-0.065861
2.855556,-0.016449
2.858333,-0.180109
2.861111,-0.288929
2.863889,-0.303749
2.866667,-0.148334
2.869444,-0.023068
2.872222,-0.037330
2.875000,-0.132990
2.877778,-0.232401
2.880556,-0.269752
2.883333,-0.125120
2.886111,-0.015579
2.888889,0.034860
2.891667,-0.096400
2.894444,-0.232646
2.897222,-0.185550
2.900000,-0.051806
2.902778,0.107577
2.905556,0.116610
2.908333,0.017342
2.911111,-0.097806
2.913889,-0.114989
2.916667,0.012361
2.919444,0.177660
2.922222,0.192537
2.925000,0.083496
2.927778,-0.066758
2.930556,-0.018815
2.933333,0.096290
2.936111,0.241962
2.938889,0.278087
2.941667,0.111787
2.944444,-0.022340
2.947222,0.035358
2.950000,0.157507
2.952778,0.239051
2.955556,0.223963
2.958333,0.157746
2.961111,-0.017156
2.963889,0.004486
2.966667,0.163539
2.969444,0.212544
2.972222,0.251040
2.975000,0.084435
2.977778,-0.060040
2.980556,-0.051352
2.983333,0.081120
2.986111,0.170334
2.988889,0.154759
2.991667,0.009166
2.994444,-0.117051
2.997222,-0.124827
3.000000,-0.038424
3.002778,0.098010
3.005556,0.110465
3.008333,-0.034566
3.011111,-0.172185
3.013889,-0.193417
3.016667,-0.039558
3.019444,0.077550
3.022222,0.040378
3.025000,-0.077174
3.027778,-0.247134
3.030556,-0.207716
3.033333,-0.132395
3.036111,0.039925
3.038889,0.007215
3.041667,-0.125902
3.044444,-0.246610
3.047222,-0.302025
3.050000,-0.105829
3.052778,0.025924
3.055556,0.012738
3.058333,-0.070436
3.061111,-0.232281
3.063889,-0.251543
3.066667,-0.082461
3.069444,0.016823
3.072222,-0.005375
3.075000,-0.135571
3.077778,-0.209406
3.080556,-0.276505
3.083333,-0.133157
3.086111,0.012575
3.088889,0.031068
3.091667,-0.112299
3.094444,-0.216350
3.097222,-0.200999
3.100000,-0.127625
3.102778,0.027106
3.105556,0.036231
3.108333,-0.083503
3.111111,-0.244019
3.113889,-0.225745
3.116667,-0.079292
3.119444,0.044328
3.122222,0.051833
3.125000,-0.130661
3.127778,-0.249899
3.130556,-0.217338
3.133333,-0.084577
3.136111,0.038660
3.138889,0.050059
3.141667,-0.088781
3.144444,-0.222703
3.147222,-0.228979
3.150000,-0.061754
3.152778,0.025490
3.155556,0.074784
3.158333,-0.056780
3.161111,-0.219993
3.163889,-0.197302
3.166667,-0.066284
3.169444,0.060569
3.172222,0.008960
3.175000,-0.072207
3.177778,-0.192011
3.180556,-0.240114
3.183333,-0.077200
3.186111,0.083258
3.188889,0.083744
3.191667,-0.083083
3.194444,-0.173382
3.197222,-0.203093
3.200000,-0.035363
3.202778,0.075062
3.205556,0.051937
3.208333,-0.008344
3.211111,-0.146891
3.213889,-0.158152
3.216667,-0.030509
3.219444,0.068244
3.222222,0.115836
3.225000,-0.050303
3.227778,-0.174188
3.230556,-0.214682
3.233333,-0.064388
3.236111,0.076233
3.238889,0.129647
3.241667,-0.015898
3.244444,-0.182519
3.247222,-0.141601
3.250000,-0.012528
3.252778,0.089467
3.255556,0.177227
3.258333,0.005404
3.261111,-0.116608
3.263889,-0.099105
3.266667,0.030820
3.269444,0.172838
3.272222,0.186848
3.275000,0.069018
3.277778,-0.018487
3.280556,-0.058771
3.283333,0.066041
3.286111,0.231265
3.288889,0.201327
3.291667,0.113737
3.294444,0.012935
3.297222,-0.001862
3.300000,0.088711
3.302778,0.247256
3.305556,0.291445
3.308333,0.136862
3.311111,-0.029130
3.313889,0.008055
3.316667,0.093289
3.319444,0.239631
3.322222,0.248908
3.325000,0.115058
3.327778,-0.043141
3.330556,-0.039890
3.333333,0.046451
3.336111,0.178275
3.338889,0.175393
3.341667,0.064487
3.344444,-0.111144
3.347222,-0.093879
3.350000,0.007691
3.352778,0.128509
3.355556,0.151267
3.358333,-0.016965
3.361111,-0.120084
3.363889,-0.101068
3.366667,0.006560
3.369444,0.148974
3.372222,0.149039
3.375000,0.074854
3.377778,-0.117300
3.380556,-0.119791
3.383333,0.040523
3.386111,0.173720
3.388889,0.113469
3.391667,0.029788
3.394444,-0.099657
3.397222,-0.093393
3.400000,0.011862
3.402778,0.163677
3.405556,0.170900
3.408333,0.062760
3.411111,-0.116466
3.413889,-0.082591
3.416667,0.056613
3.419444,0.173716
3.422222,0.191648
3.425000,-0.001537
3.427778,-0.083000
3.430556,-0.121870
3.433333,0.036698
3.436111,0.164375
3.438889,0.162638
3.441667,0.084759
3.444444,-0.067811
3.447222,-0.108191
3.450000,0.045383
3.452778,0.129697
3.455556,0.111050
3.458333,-0.045330
3.461111,-0.162065
3.463889,-0.170726
3.466667,-0.041343
3.469444,0.124882
3.472222,0.182741
3.475000,0.143731
3.477778,0.112097
3.480556,0.229123
3.483333,0.490425
3.486111,0.817087
3.488889,0.956628
3.491667,0.994450
3.494444,0.998676
3.497222,1.089563
3.500000,1.297682
3.502778,1.332344
3.505556,1.306671
3.508333,1.000393
3.511111,0.702096
3.513889,0.536013
3.516667,0.434408
3.519444,0.487223
3.522222,0.338502
3.525000,0.082111
3.527778,-0.176368
3.530556,-0.202352
3.533333,-0.120562
3.536111,-0.007465
3.538889,0.011526
3.541667,-0.082539
3.544444,-0.170235
3.547222,-0.121523
3.550000,0.034401
3.552778,0.182135
3.555556,0.214751
3.558333,0.071905
3.561111,-0.020238
3.563889,-0.031337
3.566667,0.112033
3.569444,0.213318
3.572222,0.239406
3.575000,0.100787
3.577778,-0.006564
3.580556,-0.011243
3.583333,0.114508
3.586111,0.266870
3.588889,0.229100
3.591667,0.114522
3.594444,0.004472
3.597222,-0.005232
3.600000,0.111789
3.602778,0.213463
3.605556,0.235320
3.608333,0.149682
3.611111,0.001093
3.613889,0.002745
3.616667,0.145998
3.619444,0.224386
3.622222,0.242548
3.625000,0.153318
3.627778,-0.013425
3.630556,0.024965
3.633333,0.140254
3.636111,0.279810
3.638889,0.330169
3.641667,0.171225
3.644444,0.019958
3.647222,0.031723
3.650000,0.148330
3.652778,0.318407
3.655556,0.298800
3.658333,0.151970
3.661111,0.023197
3.663889,0.048333
3.666667,0.167721
3.669444,0.276647
3.672222,0.335598
3.675000,0.200530
3.677778,0.078648
3.680556,0.054700
3.683333,0.218845
3.686111,0.375597
3.688889,0.341238
3.691667,0.294501
3.694444,0.137945
3.697222,0.178880
3.700000,0.310240
3.702778,0.435070
3.705556,0.433059
3.708333,0.333150
3.711111,0.225724
3.713889,0.244131
3.716667,0.365964
3.719444,0.532348
3.722222,0.531786
3.725000,0.430418
3.727778,0.280129
3.730556,0.317426
3.733333,0.427935
3.736111,0.595904
3.738889,0.554824
3.741667,0.458918
3.744444,0.365151
3.747222,0.325075
3.750000,0.456873
3.752778,0.581745
3.755556,0.613275
3.758333,0.455751
3.761111,0.306253
3.763889,0.325608
3.766667,0.453001
3.769444,0.553373
3.772222,0.513611
3.775000,0.435346
3.777778,0.304020
3.780556,0.300767
3.783333,0.414696
3.786111,0.526053
3.788889,0.525322
3.791667,0.387071
3.794444,0.223601
3.797222,0.219773
3.800000,0.308373
3.802778,0.446371
3.805556,0.490992
3.808333,0.305078
3.811111,0.162845
3.813889,0.108740
3.816667,0.297116
3.819444,0.423004
3.822222,0.395866
3.825000,0.271691
3.827778,0.174512
3.830556,0.117130
3.833333,0.228658
3.836111,0.377786
3.838889,0.336819
3.841667,0.237867
3.844444,0.086087
3.847222,0.122808
3.850000,0.190130
3.852778,0.359104
3.855556,0.364808
3.858333,0.189504
3.861111,0.098164
3.863889,0.107022
3.866667,0.229827
3.869444,0.343286
3.872222,0.354854
3.875000,0.196639
3.877778,0.072061
3.880556,0.090313
3.883333,0.216057
3.886111,0.377722
3.888889,0.373617
3.891667,0.226515
3.894444,0.099861
3.897222,0.118722
3.900000,0.218632
3.902778,0.353248
3.905556,0.349180
3.908333,0.188479
3.911111,0.096663
3.913889,0.091067
3.916667,0.191217
3.919444,0.370645
3.922222,0.366302
3.925000,0.222543
3.927778,0.101763
3.930556,0.115505
3.933333,0.234494
3.936111,0.339879
3.938889,0.384160
3.941667,0.227786
3.944444,0.095729
3.947222,0.127691
3.950000,0.223244
3.952778,0.367381
3.955556,0.356055
3.958333,0.202222
3.961111,0.117270
3.963889,0.090693
3.966667,0.239239
3.969444,0.394335
3.972222,0.342139
3.975000,0.239881
3.977778,0.108704
3.980556,0.099883
3.983333,0.201567
3.986111,0.340428
3.988889,0.356412
3.991667,0.188967
3.994444,0.099541
3.997222,0.108276
4.000000,0.205242
4.002778,0.348892
4.005556,0.351276
4.008333,0.244689
4.011111,0.086930
4.013889,0.116420
4.016667,0.237791
4.019444,0.388346
4.022222,0.392556
4.025000,0.233202
4.027778,0.105739
4.030556,0.122620
4.033333,0.260644
4.036111,0.389574
4.038889,0.362533
4.041667,0.262843
4.044444,0.177793
4.047222,0.153174
4.050000,0.259835
4.052778,0.434968
4.055556,0.401377
4.058333,0.283220
4.061111,0.149113
4.063889,0.198344
4.066667,0.307715
4.069444,0.449472
4.072222,0.443112
4.075000,0.363121
4.077778,0.183114
4.080556,0.269897
4.083333,0.338333
4.086111,0.552670
4.088889,0.550325
4.091667,0.402996
4.094444,0.245848
4.097222,0.272416
4.100000,0.402560
4.102778,0.512900
4.105556,0.508240
4.108333,0.396335
4.111111,0.235719
4.113889,0.265215
4.116667,0.355413
4.119444,0.471500
4.122222,0.520906
4.125000,0.376826
4.127778,0.193871
4.130556,0.184574
4.133333,0.274755
4.136111,0.399169
4.138889,0.437663
4.141667,0.291512
4.144444,0.114795
4.147222,0.130123
4.150000,0.258188
4.152778,0.410306
4.155556,0.394781
4.158333,0.302486
4.161111,0.119310
4.163889,0.111165
4.166667,0.276311
4.169444,0.352135
4.172222,0.352901
4.175000,0.216510
4.177778,0.124813
4.180556,0.157733
4.183333,0.247552
4.186111,0.371271
4.188889,0.362884
4.191667,0.261139
4.194444,0.102494
4.197222,0.119887
4.200000,0.232179
4.202778,0.377425
4.205556,0.394824
4.208333,0.243283
4.211111,0.083861
4.213889,0.086773
4.216667,0.237551
4.219444,0.398839
4.222222,0.352010
4.225000,0.223389
4.227778,0.094743
4.230556,0.099775
4.233333,0.232356
4.236111,0.370798
4.238889,0.349825
4.241667,0.225780
4.244444,0.073991
4.247222,0.087704
4.250000,0.183198
4.252778,0.319028
4.255556,0.294126
4.258333,0.187087
4.261111,-0.006020
4.263889,0.005728
4.266667,0.198486
4.269444,0.302960
4.272222,0.375048
4.275000,0.327710
4.277778,0.259336
4.280556,0.423869
4.283333,0.681018
4.286111,0.973160
4.288889,1.154559
4.291667,1.191508
4.294444,1.205642
4.297222,1.295155
4.300000,1.452555
4.302778,1.537563
4.305556,1.453678
4.308333,1.125823
4.311111,0.875529
4.313889,0.715157
4.316667,0.626277
4.319444,0.611478
4.322222,0.488855
4.325000,0.225598
4.327778,-0.011042
4.330556,-0.067815
4.333333,0.035562
4.336111,0.148300
4.338889,0.137032
4.341667,0.009277
4.344444,-0.050513
4.347222,-0.026664
4.350000,0.183423
4.352778,0.335730
4.355556,0.331685
4.358333,0.209535
4.361111,0.088184
4.363889,0.094587
4.366667,0.227728
4.369444,0.338616
4.372222,0.354515
4.375000,0.282449
4.377778,0.112043
4.380556,0.097240
4.383333,0.234217
4.386111,0.364621
4.388889,0.331938
4.391667,0.230954
4.394444,0.116072
4.397222,0.114270
4.400000,0.234289
4.402778,0.321693
4.405556,0.353029
4.408333,0.245077
4.411111,0.061326
4.413889,0.103193
4.416667,0.217190
4.419444,0.383725
4.422222,0.332697
4.425000,0.216395
4.427778,0.071771
4.430556,0.096018
4.433333,0.240887
4.436111,0.349437
4.438889,0.337396
4.441667,0.236587
4.444444,0.069975
4.447222,0.100302
4.450000,0.219812
4.452778,0.332252
4.455556,0.353927
4.458333,0.214099
4.461111,0.117513
4.463889,0.094709
4.466667,0.230438
4.469444,0.374942
4.472222,0.405523
4.475000,0.282655
4.477778,0.164541
4.480556,0.164603
4.483333,0.239589
4.486111,0.423022
4.488889,0.433019
4.491667,0.319058
4.494444,0.179572
4.497222,0.216601
4.500000,0.305661
4.502778,0.487992
4.505556,0.499192
4.508333,0.422386
4.511111,0.270544
4.513889,0.276683
4.516667,0.417098
4.519444,0.579700
4.522222,0.568900
4.525000,0.450939
4.527778,0.346234
4.530556,0.331443
4.533333,0.495264
4.536111,0.602178
4.538889,0.598368
4.541667,0.501892
4.544444,0.335248
4.547222,0.376782
4.550000,0.495177
4.552778,0.609515
4.555556,0.592037
4.558333,0.492335
4.561111,0.327077
4.563889,0.321475
4.566667,0.464048
4.569444,0.598436
4.572222,0.608562
4.575000,0.426224
4.577778,0.272060
4.580556,0.259735
4.583333,0.404889
4.586111,0.521105
4.588889,0.532207
4.591667,0.338864
4.594444,0.196645
4.597222,0.174439
4.600000,0.269153
4.602778,0.434091
4.605556,0.372099
4.608333,0.268111
4.611111,0.165420
4.613889,0.117681
4.616667,0.239595
4.619444,0.366153
4.622222,0.343942
4.625000,0.224915
4.627778,0.071708
4.630556,0.067145
4.633333,0.190474
4.636111,0.305526
4.638889,0.309444
4.641667,0.196821
4.644444,0.078128
4.647222,0.069427
4.650000,0.116892
4.652778,0.287434
4.655556,0.274822
4.658333,0.183797
4.661111,0.032510
4.663889,0.002352
4.666667,0.122083
4.669444,0.303968
4.672222,0.274286
4.675000,0.167856
4.677778,-0.017896
4.680556,0.012600
4.683333,0.191405
4.686111,0.266575
4.688889,0.289183
4.691667,0.126090
4.694444,-0.008761
4.697222,0.016725
4.700000,0.139728
4.702778,0.251971
4.705556,0.246852
4.708333,0.133935
4.711111,0.020687
4.713889,-0.006424
4.716667,0.132865
4.719444,0.258085
4.722222,0.243956
4.725000,0.121179
4.727778,-0.009766
4.730556,-0.018157
4.733333,0.137260
4.736111,0.275546
4.738889,0.239713
4.741667,0.098338
4.744444,0.015794
4.747222,-0.025162
4.750000,0.111112
4.752778,0.232633
4.755556,0.254928
4.758333,0.082255
4.761111,-0.047751
4.763889,-0.030512
4.766667,0.102782
4.769444,0.235955
4.772222,0.250653
4.775000,0.094294
4.777778,-0.038469
4.780556,-0.047319
4.783333,0.094518
4.786111,0.224723
4.788889,0.227010
4.791667,0.100708
4.794444,-0.012814
4.797222,-0.000711
4.800000,0.120839
4.802778,0.214673
4.805556,0.215233
4.808333,0.127986
4.811111,-0.057029
4.813889,-0.044872
4.816667,0.095671
4.819444,0.218744
4.822222,0.189190
4.825000,0.089331
4.827778,-0.046994
4.830556,-0.069448
4.833333,0.091876
4.836111,0.220164
4.838889,0.226419
4.841667,0.079946
4.844444,-0.033216
4.847222,-0.005553
4.850000,0.083821
4.852778,0.179645
4.855556,0.216994
4.858333,0.102401
4.861111,-0.018483
4.863889,-0.016368
4.866667,0.098499
4.869444,0.255472
4.872222,0.262670
4.875000,0.144101
4.877778,0.063259
4.880556,0.007632
4.883333,0.162685
4.886111,0.301300
4.888889,0.363431
4.891667,0.174852
4.894444,0.075022
4.897222,0.043490
4.900000,0.162403
4.902778,0.343827
4.905556,0.337371
4.908333,0.174717
4.911111,0.015130
4.913889,0.049775
4.916667,0.176397
4.919444,0.274308
4.922222,0.271435
4.925000,0.124239
4.927778,-0.005493
4.930556,-0.031259
4.933333,0.092552
4.936111,0.196982
4.938889,0.206046
4.941667,0.065692
4.944444,-0.061663
4.947222,-0.103692
4.950000,0.011492
4.952778,0.159965
4.955556,0.188167
4.958333,0.050566
4.961111,-0.128981
4.963889,-0.115113
4.966667,0.017336
4.969444,0.120999
4.972222,0.149220
4.975000,0.031864
4.977778,-0.128720
4.980556,-0.126176
4.983333,-0.005820
4.986111,0.121342
4.988889,0.124073
4.991667,0.031965
4.994444,-0.129863
4.997222,-0.153018
5.000000,0.014273
5.002778,0.089508
5.005556,0.129824
5.008333,0.010786
5.011111,-0.134308
5.013889,-0.107805
5.016667,-0.010653
5.019444,0.169045
5.022222,0.133987
5.025000,0.013061
5.027778,-0.153327
5.030556,-0.120407
5.033333,-0.004136
5.036111,0.121446
5.038889,0.094831
5.041667,-0.015465
5.044444,-0.159560
5.047222,-0.169355
5.050000,-0.053828
5.052778,0.029472
5.055556,0.038909
5.058333,-0.105719
5.061111,-0.256291
5.063889,-0.242236
5.066667,-0.105149
5.069444,0.035629
5.072222,0.103406
5.075000,-0.007974
5.077778,0.006470
5.080556,0.109418
5.083333,0.370823
5.086111,0.675389
5.088889,0.890375
5.091667,0.914964
5.094444,0.878513
5.097222,0.997101
5.100000,1.128232
5.102778,1.271028
5.105556,1.158263
5.108333,0.895458
5.111111,0.580848
5.113889,0.387627
5.116667,0.364219
5.119444,0.329036
5.122222,0.156489
5.125000,-0.116157
5.127778,-0.310374
5.130556,-0.358774
5.133333,-0.325931
5.136111,-0.171684
5.138889,-0.115765
5.141667,-0.273688
5.144444,-0.348241
5.147222,-0.336553
5.150000,-0.127091
5.152778,-0.024574
5.155556,0.006108
5.158333,-0.105881
5.161111,-0.210390
5.163889,-0.215966
5.166667,-0.060545
5.169444,0.025819
5.172222,0.060856
5.175000,-0.080632
5.177778,-0.189079
5.180556,-0.208739
5.183333,-0.075194
5.186111,0.045909
5.188889,0.003398
5.191667,-0.049588
5.194444,-0.221758
5.197222,-0.210548
5.200000,-0.107418
5.202778,0.022419
5.205556,0.041123
5.208333,-0.108923
5.211111,-0.200700
5.213889,-0.197856
5.216667,-0.071819
5.219444,0.039632
5.222222,0.032970
5.225000,-0.094226
5.227778,-0.255155
5.230556,-0.211562
5.233333,-0.084616
5.236111,-0.007080
5.238889,0.012070
5.241667,-0.151288
5.244444,-0.212199
5.247222,-0.225899
5.250000,-0.076328
5.252778,-0.004017
5.255556,-0.000186
5.258333,-0.110880
5.261111,-0.226482
5.263889,-0.208603
5.266667,-0.062253
5.269444,0.042670
5.272222,0.069574
5.275000,-0.066377
5.277778,-0.179226
5.280556,-0.184236
5.283333,-0.062947
5.286111,0.075921
5.288889,0.108877
5.291667,-0.026804
5.294444,-0.124257
5.297222,-0.120556
5.300000,0.002237
5.302778,0.139152
5.305556,0.166256
5.308333,0.033772
5.311111,-0.060089
5.313889,-0.058879
5.316667,0.079636
5.319444,0.199250
5.322222,0.211340
5.325000,0.137572
5.327778,-0.033241
5.330556,-0.010475
5.333333,0.129910
5.336111,0.267320
5.338889,0.277619
5.341667,0.114001
5.344444,0.027555
5.347222,0.009492
5.350000,0.152657
5.352778,0.268653
5.355556,0.268487
5.358333,0.127481
5.361111,0.002100
5.363889,-0.015816
5.366667,0.080847
5.369444,0.240253
5.372222,0.226196
5.375000,0.106966
5.377778,-0.060428
5.380556,-0.070608
5.383333,0.101552
5.386111,0.160863
5.388889,0.157973
5.391667,0.016191
5.394444,-0.132989
5.397222,-0.157387
5.400000,-0.048787
5.402778,0.082915
5.405556,0.091579
5.408333,-0.039290
5.411111,-0.205253
5.413889,-0.236774
5.416667,-0.121505
5.419444,0.015993
5.422222,0.006067
5.425000,-0.142300
5.427778,-0.266682
5.430556,-0.256866
5.433333,-0.134057
5.436111,-0.040378
5.438889,-0.043651
5.441667,-0.167999
5.444444,-0.300028
5.447222,-0.329799
5.450000,-0.161060
5.452778,-0.049195
5.455556,-0.034237
5.458333,-0.194944
5.461111,-0.309743
5.463889,-0.287642
5.466667,-0.177988
5.469444,-0.060435
5.472222,-0.084131
5.475000,-0.167675
5.477778,-0.279971
5.480556,-0.328607
5.483333,-0.192050
5.486111,-0.042379
5.488889,-0.063339
5.491667,-0.186552
5.494444,-0.344132
5.497222,-0.309264
5.500000,-0.214554
5.502778,-0.059431
5.505556,-0.111495
5.508333,-0.230155
5.511111,-0.320986
5.513889,-0.333662
5.516667,-0.201062
5.519444,-0.066723
5.522222,-0.075475
5.525000,-0.220601
5.527778,-0.350807
5.530556,-0.346961
5.533333,-0.178508
5.536111,-0.068540
5.538889,-0.108348
5.541667,-0.195636
5.544444,-0.341329
5.547222,-0.339514
5.550000,-0.214384
5.552778,-0.071804
5.555556,-0.086073
5.558333,-0.215728
5.561111,-0.353183
5.563889,-0.369269
5.566667,-0.210088
5.569444,-0.068235
5.572222,-0.065027
5.575000,-0.218926
5.577778,-0.342901
5.580556,-0.335137
5.583333,-0.209217
5.586111,-0.119256
5.588889,-0.070222
5.591667,-0.237410
5.594444,-0.356908
5.597222,-0.322883
5.600000,-0.236300
5.602778,-0.116033
5.605556,-0.109093
5.608333,-0.230011
5.611111,-0.355980
5.613889,-0.381155
5.616667,-0.249058
5.619444,-0.098012
5.622222,-0.106108
5.625000,-0.231285
5.627778,-0.345135
5.630556,-0.365373
5.633333,-0.239189
5.636111,-0.078128
5.638889,-0.114549
5.641667,-0.226252
5.644444,-0.321154
5.647222,-0.362763
5.650000,-0.243282
5.652778,-0.096241
5.655556,-0.053720
5.658333,-0.210522
5.661111,-0.307279
5.663889,-0.303747
5.666667,-0.162544
5.669444,-0.063002
5.672222,-0.035769
5.675000,-0.140823
5.677778,-0.271217
5.680556,-0.250937
5.683333,-0.153549
5.686111,-0.022265
5.688889,0.015037
5.691667,-0.093469
5.694444,-0.207646
5.697222,-0.236803
5.700000,-0.104977
5.702778,0.069087
5.705556,0.053407
5.708333,-0.100672
5.711111,-0.221956
5.713889,-0.263866
5.716667,-0.126697
5.719444,0.000226
5.722222,0.001774
5.725000,-0.193210
5.727778,-0.275495
5.730556,-0.316040
5.733333,-0.169734
5.736111,-0.060562
5.738889,-0.067143
5.741667,-0.198938
5.744444,-0.325722
5.747222,-0.362564
5.750000,-0.200879
5.752778,-0.090020
5.755556,-0.108591
5.758333,-0.239318
5.761111,-0.340101
5.763889,-0.330243
5.766667,-0.239504
5.769444,-0.110205
5.772222,-0.119298
5.775000,-0.252908
5.777778,-0.402916
5.780556,-0.361620
5.783333,-0.253163
5.786111,-0.107725
5.788889,-0.131228
5.791667,-0.253495
5.794444,-0.383432
5.797222,-0.395828
5.800000,-0.234223
5.802778,-0.082256
5.805556,-0.120707
5.808333,-0.227707
5.811111,-0.378771
5.813889,-0.398189
5.816667,-0.213978
5.819444,-0.128518
5.822222,-0.147449
5.825000,-0.250905
5.827778,-0.369782
5.830556,-0.356230
5.833333,-0.231240
5.836111,-0.123222
5.838889,-0.124518
5.841667,-0.278039
5.844444,-0.429815
5.847222,-0.391762
5.850000,-0.295740
5.852778,-0.137689
5.855556,-0.176037
5.858333,-0.379949
5.861111,-0.506559
5.863889,-0.490245
5.866667,-0.344585
5.869444,-0.213831
5.872222,-0.130413
5.875000,-0.186352
5.877778,-0.237385
5.880556,-0.093208
5.883333,0.185762
5.886111,0.524437
5.888889,0.645325
5.891667,0.689782
5.894444,0.689407
5.897222,0.771724
5.900000,0.922329
5.902778,1.064385
5.905556,0.960819
5.908333,0.675113
5.911111,0.363478
5.913889,0.250026
5.916667,0.183004
5.919444,0.151489
5.922222,-0.005013
5.925000,-0.272750
5.927778,-0.473631
5.930556,-0.564909
5.933333,-0.462769
5.936111,-0.356774
5.938889,-0.363258
5.941667,-0.448055
5.944444,-0.529468
5.947222,-0.494332
5.950000,-0.335255
5.952778,-0.141679
5.955556,-0.149001
5.958333,-0.276734
5.961111,-0.347708
5.963889,-0.370077
5.966667,-0.264655
5.969444,-0.131277
5.972222,-0.092298
5.975000,-0.249445
5.977778,-0.370482
5.980556,-0.378086
5.983333,-0.265650
5.986111,-0.115475
5.988889,-0.115878
5.991667,-0.231016
5.994444,-0.369587
5.997222,-0.387956
6.000000,-0.236673
6.002778,-0.127974
6.005556,-0.078290
6.008333,-0.226958
6.011111,-0.343988
6.013889,-0.363695
6.016667,-0.230806
6.019444,-0.100842
6.022222,-0.073199
6.025000,-0.254530
6.027778,-0.348268
6.030556,-0.399596
6.033333,-0.223565
6.036111,-0.106789
6.038889,-0.118821
6.041667,-0.232233
6.044444,-0.356187
6.047222,-0.373958
6.050000,-0.186713
6.052778,-0.103419
6.055556,-0.070097
6.058333,-0.179283
6.061111,-0.305693
6.063889,-0.380059
6.066667,-0.203742
6.069444,-0.083393
6.072222,-0.041576
6.075000,-0.172228
6.077778,-0.262418
6.080556,-0.273860
6.083333,-0.149163
6.086111,-0.007312
6.088889,0.003653
6.091667,-0.087120
6.094444,-0.231278
6.097222,-0.240689
6.100000,-0.085382
6.102778,0.015839
6.105556,0.094658
6.108333,-0.034746
6.111111,-0.165794
6.113889,-0.153906
6.116667,-0.030295
6.119444,0.177017
6.122222,0.176763
6.125000,-0.004856
6.127778,-0.059956
6.130556,-0.092830
6.133333,0.050672
6.136111,0.224686
6.138889,0.227644
6.141667,0.135429
6.144444,-0.021731
6.147222,0.003491
6.150000,0.100821
6.152778,0.231177
6.155556,0.199789
6.158333,0.080957
6.161111,-0.001895
6.163889,-0.064261
6.166667,0.075636
6.169444,0.210074
6.172222,0.192873
6.175000,0.044905
6.177778,-0.113890
6.180556,-0.100007
6.183333,0.001498
6.186111,0.134504
6.188889,0.092629
6.191667,-0.051029
6.194444,-0.176354
6.197222,-0.192061
6.200000,-0.047098
6.202778,0.047041
6.205556,0.043564
6.208333,-0.064824
6.211111,-0.237382
6.213889,-0.263937
6.216667,-0.114421
6.219444,0.000855
6.222222,-0.008965
6.225000,-0.147974
6.227778,-0.248535
6.230556,-0.279676
6.233333,-0.129216
6.236111,0.001456
6.238889,-0.018215
6.241667,-0.143557
6.244444,-0.290108
6.247222,-0.331095
6.250000,-0.117752
6.252778,-0.026504
6.255556,-0.063271
6.258333,-0.166330
6.261111,-0.299389
6.263889,-0.322826
6.266667,-0.137059
6.269444,-0.031445
6.272222,-0.022578
6.275000,-0.169347
6.277778,-0.294608
6.280556,-0.294022
6.283333,-0.172053
6.286111,-0.039862
6.288889,-0.049845
6.291667,-0.175977
6.294444,-0.267016
6.297222,-0.301207
6.300000,-0.145724
6.302778,-0.036344
6.305556,-0.040158
6.308333,-0.158047
6.311111,-0.326816
6.313889,-0.283437
6.316667,-0.134656
6.319444,-0.043665
6.322222,-0.025589
6.325000,-0.152912
6.327778,-0.282820
6.330556,-0.289795
6.333333,-0.146933
6.336111,-0.036190
6.338889,-0.002077
6.341667,-0.143638
6.344444,-0.264342
6.347222,-0.275092
6.350000,-0.124736
6.352778,0.005229
6.355556,-0.004228
6.358333,-0.172033
6.361111,-0.262386
6.363889,-0.274606
6.366667,-0.146480
6.369444,-0.012642
6.372222,-0.018388
6.375000,-0.142274
6.377778,-0.216956
6.380556,-0.270837
6.383333,-0.121426
6.386111,-0.021944
6.388889,-0.015465
6.391667,-0.141333
6.394444,-0.255315
6.397222,-0.268153
6.400000,-0.113179
6.402778,-0.024199
6.405556,0.019344
6.408333,-0.138701
6.411111,-0.249166
6.413889,-0.247437
6.416667,-0.114516
6.419444,0.005161
6.422222,0.019052
6.425000,-0.105242
6.427778,-0.179795
6.430556,-0.229456
6.433333,-0.123789
6.436111,0.032383
6.438889,0.039965
6.441667,-0.098549
6.444444,-0.238270
6.447222,-0.214482
6.450000,-0.104240
6.452778,0.087859
6.455556,0.022193
6.458333,-0.030223
6.461111,-0.180239
6.463889,-0.162699
6.466667,-0.042199
6.469444,0.083394
6.472222,0.113453
6.475000,-0.019605
6.477778,-0.123703
6.480556,-0.089296
6.483333,0.044353
6.486111,0.187613
6.488889,0.200092
6.491667,0.063246
6.494444,-0.033869
6.497222,-0.084495
6.500000,0.053357
6.502778,0.242372
6.505556,0.145132
6.508333,0.047576
6.511111,-0.082287
6.513889,-0.085229
6.516667,0.055168
6.519444,0.172273
6.522222,0.168558
6.525000,0.019437
6.527778,-0.124095
6.530556,-0.146266
6.533333,0.008195
6.536111,0.149233
6.538889,0.136823
6.541667,-0.006873
6.544444,-0.157033
6.547222,-0.142975
6.550000,-0.050811
6.552778,0.074069
6.555556,0.131370
6.558333,-0.049047
6.561111,-0.178427
6.563889,-0.141966
6.566667,-0.034062
6.569444,0.086694
6.572222,0.117195
6.575000,-0.059370
6.577778,-0.155591
6.580556,-0.159997
6.583333,0.001399
6.586111,0.107147
6.588889,0.092333
6.591667,-0.024156
6.594444,-0.179528
6.597222,-0.189085
6.600000,-0.037092
6.602778,0.126283
6.605556,0.070933
6.608333,-0.044450
6.611111,-0.127913
6.613889,-0.191494
6.616667,-0.035722
6.619444,0.111221
6.622222,0.130557
6.625000,-0.025549
6.627778,-0.151370
6.630556,-0.172196
6.633333,-0.023707
6.636111,0.100175
6.638889,0.111274
6.641667,-0.014790
6.644444,-0.164199
6.647222,-0.146540
6.650000,-0.037625
6.652778,0.100566
6.655556,0.053593
6.658333,-0.099201
6.661111,-0.245004
6.663889,-0.258396
6.666667,-0.095485
6.669444,0.065188
6.672222,0.170460
6.675000,0.064086
6.677778,0.036619
6.680556,0.188505
6.683333,0.489772
6.686111,0.764203
6.688889,0.899043
6.691667,0.953704
6.694444,0.945830
6.697222,1.004183
6.700000,1.220468
6.702778,1.285368
6.705556,1.228969
6.708333,0.940553
6.711111,0.658563
6.713889,0.457986
6.716667,0.414256
6.719444,0.366555
6.722222,0.253523
6.725000,0.020325
6.727778,-0.218236
6.730556,-0.329534
6.733333,-0.174884
6.736111,-0.051136
6.738889,-0.078413
6.741667,-0.148692
6.744444,-0.260924
6.747222,-0.197630
6.750000,-0.038567
6.752778,0.104519
6.755556,0.110987
6.758333,0.043549
6.761111,-0.086263
6.763889,-0.072461
6.766667,0.036667
6.769444,0.171096
6.772222,0.208069
6.775000,-0.010453
6.777778,-0.071851
6.780556,-0.058287
6.783333,0.055980
6.786111,0.184459
6.788889,0.189451
6.791667,0.063893
6.794444,-0.058758
6.797222,-0.100407
6.800000,0.038108
6.802778,0.237897
6.805556,0.167072
6.808333,0.076717
6.811111,-0.060236
6.813889,-0.063874
6.816667,0.024746
6.819444,0.209627
6.822222,0.199879
6.825000,0.070003
6.827778,-0.050908
6.830556,-0.051453
6.833333,0.109817
6.836111,0.238192
6.838889,0.232134
6.841667,0.067391
6.844444,-0.023045
6.847222,-0.022298
6.850000,0.102250
6.852778,0.197445
6.855556,0.251481
6.858333,0.117264
6.861111,-0.042741
6.863889,-0.013936
6.866667,0.112381
6.869444,0.239828
6.872222,0.290924
6.875000,0.137626
6.877778,0.046580
6.880556,0.018421
6.883333,0.169919
6.886111,0.304006
6.888889,0.353749
6.891667,0.184118
6.894444,0.083094
6.897222,0.075973
6.900000,0.230763
6.902778,0.399466
6.905556,0.382918
6.908333,0.287018
6.911111,0.175328
6.913889,0.177213
6.916667,0.316071
6.919444,0.477323
6.922222,0.461870
6.925000,0.320388
6.927778,0.227101
6.930556,0.280819
6.933333,0.429200
6.936111,0.534174
6.938889,0.536265
6.941667,0.384491
6.944444,0.250536
6.947222,0.290333
6.950000,0.427698
6.952778,0.572209
6.955556,0.549599
6.958333,0.422562
6.961111,0.297270
6.963889,0.244392
6.966667,0.381948
6.969444,0.531014
6.972222,0.549144
6.975000,0.417871
6.977778,0.274722
6.980556,0.222965
6.983333,0.324838
6.986111,0.462619
6.988889,0.498740
6.991667,0.306593
6.994444,0.171447
6.997222,0.177757
7.000000,0.311254
7.002778,0.376509
7.005556,0.419442
7.008333,0.254411
7.011111,0.121799
7.013889,0.115846
7.016667,0.219004
7.019444,0.303887
7.022222,0.365196
7.025000,0.209386
7.027778,0.065355
7.030556,0.085959
7.033333,0.200980
7.036111,0.298273
7.038889,0.337582
7.041667,0.174149
7.044444,0.033341
7.047222,0.075116
7.050000,0.148299
7.052778,0.331989
7.055556,0.301608
7.058333,0.170878
7.061111,0.036312
7.063889,0.013478
7.066667,0.174790
7.069444,0.273582
7.072222,0.324346
7.075000,0.118603
7.077778,0.035311
7.080556,0.066732
7.083333,0.133234
7.086111,0.296811
7.088889,0.307864
7.091667,0.189974
7.094444,0.034947
7.097222,0.038759
7.100000,0.188268
7.102778,0.344398
7.105556,0.331015
7.108333,0.179306
7.111111,0.053560
7.113889,0.058220
7.116667,0.205846
7.119444,0.297719
7.122222,0.336095
7.125000,0.154031
7.127778,0.057552
7.130556,0.060063
7.133333,0.198926
7.136111,0.332109
7.138889,0.316067
7.141667,0.191539
7.144444,0.059442
7.147222,0.073364
7.150000,0.185563
7.152778,0.323970
7.155556,0.341422
7.158333,0.215056
7.161111,0.105540
7.163889,0.071531
7.166667,0.181768
7.169444,0.300366
7.172222,0.308782
7.175000,0.204776
7.177778,0.085511
7.180556,0.089678
7.183333,0.177488
7.186111,0.338746
7.188889,0.351072
7.191667,0.192282
7.194444,0.064598
7.197222,0.095211
7.200000,0.220324
7.202778,0.345812
7.205556,0.319800
7.208333,0.233689
7.211111,0.095036
7.213889,0.084170
7.216667,0.210588
7.219444,0.348013
7.222222,0.357220
7.225000,0.242622
7.227778,0.046347
7.230556,0.085562
7.233333,0.209218
7.236111,0.382662
7.238889,0.362483
7.241667,0.211426
7.244444,0.121388
7.247222,0.136914
7.250000,0.229800
7.252778,0.387069
7.255556,0.381880
7.258333,0.295800
7.261111,0.136618
7.263889,0.151492
7.266667,0.292993
7.269444,0.428584
7.272222,0.476430
7.275000,0.315699
7.277778,0.199904
7.280556,0.207959
7.283333,0.359218
7.286111,0.495595
7.288889,0.495003
7.291667,0.356441
7.294444,0.234085
7.297222,0.242252
7.300000,0.346346
7.302778,0.531838
7.305556,0.530521
7.308333,0.381054
7.311111,0.213722
7.313889,0.231941
7.316667,0.393965
7.319444,0.450931
7.322222,0.441650
7.325000,0.333856
7.327778,0.169552
7.330556,0.161899
7.333333,0.312287
7.336111,0.441391
7.338889,0.421733
7.341667,0.264086
7.344444,0.139661
7.347222,0.139163
7.350000,0.245703
7.352778,0.378692
7.355556,0.368302
7.358333,0.260432
7.361111,0.099638
7.363889,0.125469
7.366667,0.216078
7.369444,0.381495
7.372222,0.395423
7.375000,0.236954
7.377778,0.110200
7.380556,0.108067
7.383333,0.228594
7.386111,0.360075
7.388889,0.372809
7.391667,0.251565
7.394444,0.112266
7.397222,0.099659
7.400000,0.232295
7.402778,0.390740
7.405556,0.357072
7.408333,0.237440
7.411111,0.093977
7.413889,0.128856
7.416667,0.274758
7.419444,0.375215
7.422222,0.388629
7.425000,0.224923
7.427778,0.089700
7.430556,0.163739
7.433333,0.250774
7.436111,0.358211
7.438889,0.349417
7.441667,0.260164
7.444444,0.073695
7.447222,0.101935
7.450000,0.222337
7.452778,0.328281
7.455556,0.243123
7.458333,0.165481
7.461111,0.022139
7.463889,0.018947
7.466667,0.144893
7.469444,0.302847
7.472222,0.413490
7.475000,0.308836
7.477778,0.285842
7.480556,0.431908
7.483333,0.651796
7.486111,0.972193
7.488889,1.162982
7.491667,1.200347
7.494444,1.208287
7.497222,1.295240
7.500000,1.438485
7.502778,1.566142
7.505556,1.474198
7.508333,1.169953
7.511111,0.897511
7.513889,0.729535
7.516667,0.666661
7.519444,0.631224
7.522222,0.456483
7.525000,0.277700
7.527778,0.011538
7.530556,-0.065382
7.533333,0.048832
7.536111,0.146800
7.538889,0.167867
7.541667,0.063394
7.544444,-0.044281
7.547222,0.004153
7.550000,0.157334
7.552778,0.324035
7.555556,0.356102
7.558333,0.226978
7.561111,0.110918
7.563889,0.122147
7.566667,0.281196
7.569444,0.367615
7.572222,0.375508
7.575000,0.270560
7.577778,0.093896
7.580556,0.108523
7.583333,0.237135
7.586111,0.340897
7.588889,0.376799
7.591667,0.246389
7.594444,0.168212
7.597222,0.125693
7.600000,0.272082
7.602778,0.359846
7.605556,0.371857
7.608333,0.251457
7.611111,0.110175
7.613889,0.120091
7.616667,0.256987
7.619444,0.387960
7.622222,0.363506
7.625000,0.267854
7.627778,0.086094
7.630556,0.107814
7.633333,0.252396
7.636111,0.376414
7.638889,0.377691
7.641667,0.252515
7.644444,0.104995
7.647222,0.116350
7.650000,0.272111
7.652778,0.376359
7.655556,0.387544
7.658333,0.280902
7.661111,0.166684
7.663889,0.138409
7.666667,0.306574
7.669444,0.433056
7.672222,0.407796
7.675000,0.296906
7.677778,0.160060
7.680556,0.138571
7.683333,0.349030
7.686111,0.470817
7.688889,0.473730
7.691667,0.335146
7.694444,0.251126
7.697222,0.259101
7.700000,0.365169
7.702778,0.500679
7.705556,0.521839
7.708333,0.403595
7.711111,0.270545
7.713889,0.305573
7.716667,0.438306
7.719444,0.594115
7.722222,0.577649
7.725000,0.454501
7.727778,0.363216
7.730556,0.383688
7.733333,0.472001
7.736111,0.659067
7.738889,0.673575
7.741667,0.524795
7.744444,0.380052
7.747222,0.394373
7.750000,0.533832
7.752778,0.633468
7.755556,0.671270
7.758333,0.539772
7.761111,0.394312
7.763889,0.390299
7.766667,0.532076
7.769444,0.596833
7.772222,0.566417
7.775000,0.470228
7.777778,0.321419
7.780556,0.314414
7.783333,0.394635
7.786111,0.554138
7.788889,0.516005
7.791667,0.388753
7.794444,0.224618
7.797222,0.227762
7.800000,0.353093
7.802778,0.493374
7.805556,0.448824
7.808333,0.336478
7.811111,0.185707
7.813889,0.152976
7.816667,0.229171
7.819444,0.391270
7.822222,0.384023
7.825000,0.270356
7.827778,0.125166
7.830556,0.106891
7.833333,0.235618
7.836111,0.340575
7.838889,0.334767
7.841667,0.263255
7.844444,0.090412
7.847222,0.079856
7.850000,0.186352
7.852778,0.291853
7.855556,0.322673
7.858333,0.207566
7.861111,0.083962
7.863889,0.082109
7.866667,0.188035
7.869444,0.342112
7.872222,0.307679
7.875000,0.196663
7.877778,0.027128
7.880556,0.059516
7.883333,0.199714
7.886111,0.298552
7.888889,0.323729
7.891667,0.221415
7.894444,0.042880
7.897222,0.019769
7.900000,0.170925
7.902778,0.340099
7.905556,0.302143
7.908333,0.194773
7.911111,0.059430
7.913889,0.019103
7.916667,0.186135
7.919444,0.299628
7.922222,0.304852
7.925000,0.197034
7.927778,0.047309
7.930556,0.015768
7.933333,0.149876
7.936111,0.307564
7.938889,0.278157
7.941667,0.135032
7.944444,0.038739
7.947222,0.054178
7.950000,0.155765
7.952778,0.270522
7.955556,0.288616
7.958333,0.195344
7.961111,0.019849
7.963889,0.043037
7.966667,0.168143
7.969444,0.292177
7.972222,0.295126
7.975000,0.175404
7.977778,0.036267
7.980556,0.043141
7.983333,0.195238
7.986111,0.272760
7.988889,0.304712
7.991667,0.153369
7.994444,0.017110
7.997222,0.023128
8.000000,0.162201
8.002778,0.294369
8.005556,0.265908
8.008333,0.146034
8.011111,0.027331
8.013889,0.048888
8.016667,0.098534
8.019444,0.288225
8.022222,0.260949
8.025000,0.141308
8.027778,-0.008001
8.030556,0.039212
8.033333,0.138042
8.036111,0.278084
8.038889,0.279941
8.041667,0.141669
8.044444,0.021205
8.047222,0.011321
8.050000,0.150605
8.052778,0.259376
8.055556,0.287023
8.058333,0.187584
8.061111,0.019735
8.063889,0.072621
8.066667,0.192190
8.069444,0.300819
8.072222,0.324368
8.075000,0.178401
8.077778,0.090761
8.080556,0.091583
8.083333,0.227651
8.086111,0.398287
8.088889,0.394696
8.091667,0.253829
8.094444,0.133501
8.097222,0.104689
8.100000,0.262179
8.102778,0.389532
8.105556,0.397135
8.108333,0.237415
8.111111,0.105269
8.113889,0.108149
8.116667,0.235951
8.119444,0.317183
8.122222,0.366169
8.125000,0.196762
8.127778,0.011783
8.130556,0.047573
8.133333,0.146844
8.136111,0.243657
8.138889,0.288509
8.141667,0.117327
8.144444,0.018642
8.147222,-0.018330
8.150000,0.135424
8.152778,0.247257
8.155556,0.194693
8.158333,0.097858
8.161111,-0.065109
8.163889,-0.033175
8.166667,0.115973
8.169444,0.233908
8.172222,0.203506
8.175000,0.050673
8.177778,-0.029039
8.180556,-0.046325
8.183333,0.053317
8.186111,0.192384
8.188889,0.187365
8.191667,0.088864
8.194444,-0.078617
8.197222,-0.072075
8.200000,0.065574
8.202778,0.224996
8.205556,0.214969
8.208333,0.051684
8.211111,-0.057429
8.213889,-0.083762
8.216667,0.031391
8.219444,0.223820
8.222222,0.206069
8.225000,0.053420
8.227778,-0.076752
8.230556,-0.061340
8.233333,0.037918
8.236111,0.161758
8.238889,0.194900
8.241667,0.002663
8.244444,-0.103347
8.247222,-0.089781
8.250000,-0.047222
8.252778,0.126977
8.255556,0.086560
8.258333,-0.070405
8.261111,-0.206307
8.263889,-0.195211
8.266667,-0.097173
8.269444,0.102707
8.272222,0.117484
8.275000,0.076854
8.277778,0.044420
8.280556,0.196083
8.283333,0.481583
8.286111,0.758172
8.288889,0.897701
8.291667,0.990717
8.294444,0.971058
8.297222,1.079591
8.300000,1.192448
8.302778,1.309432
8.305556,1.174675
8.308333,0.967464
8.311111,0.634644
8.313889,0.494124
8.316667,0.408174
8.319444,0.354028
8.322222,0.254048
8.325000,0.009349
8.327778,-0.275673
8.330556,-0.327948
8.333333,-0.224481
8.336111,-0.107381
8.338889,-0.100277
8.341667,-0.202392
8.344444,-0.303084
8.347222,-0.247977
8.350000,-0.099588
8.352778,0.079059
8.355556,0.083563
8.358333,0.009847
8.361111,-0.140571
8.363889,-0.162132
8.366667,0.017266
8.369444,0.109789
8.372222,0.071625
8.375000,-0.015729
8.377778,-0.135130
8.380556,-0.134451
8.383333,-0.022120
8.386111,0.096830
8.388889,0.111801
8.391667,-0.021798
8.394444,-0.153272
8.397222,-0.188459
8.400000,-0.017078
8.402778,0.063396
8.405556,0.126954
8.408333,-0.041437
8.411111,-0.151769
8.413889,-0.202442
8.416667,-0.029695
8.419444,0.094071
8.422222,0.087305
8.425000,-0.045740
8.427778,-0.181314
8.430556,-0.127830
8.433333,-0.064637
8.436111,0.124934
8.438889,0.072364
8.441667,-0.080123
8.444444,-0.117816
8.447222,-0.168283
8.450000,-0.030377
8.452778,0.087261
8.455556,0.062924
8.458333,-0.023423
8.461111,-0.171872
8.463889,-0.121383
8.466667,-0.008065
8.469444,0.101408
8.472222,0.116356
8.475000,-0.023589
8.477778,-0.146789
8.480556,-0.135367
8.483333,0.005206
8.486111,0.156988
8.488889,0.169641
8.491667,0.044743
8.494444,-0.073052
8.497222,-0.095421
8.500000,0.043393
8.502778,0.205223
8.505556,0.246247
8.508333,0.064332
8.511111,-0.022237
8.513889,-0.016507
8.516667,0.137550
8.519444,0.267898
8.522222,0.260825
8.525000,0.169980
8.527778,0.012275
8.530556,0.058373
8.533333,0.193494
8.536111,0.334263
8.538889,0.313257
8.541667,0.206701
8.544444,0.051841
8.547222,0.100377
8.550000,0.225174
8.552778,0.310555
8.555556,0.341009
8.558333,0.198346
8.561111,0.029994
8.563889,0.053672
8.566667,0.164112
8.569444,0.328818
8.572222,0.275760
8.575000,0.134206
8.577778,-0.028516
8.580556,-0.014190
8.583333,0.111426
8.586111,0.202016
8.588889,0.187646
8.591667,0.043307
8.594444,-0.111844
8.597222,-0.098116
8.600000,0.007732
8.602778,0.150230
8.605556,0.119513
8.608333,0.009905
8.611111,-0.165093
8.613889,-0.152781
8.616667,-0.048566
8.619444,0.064659
8.622222,0.076594
8.625000,-0.075401
8.627778,-0.223356
8.630556,-0.209418
8.633333,-0.068583
8.636111,0.056419
8.638889,0.014158
8.641667,-0.078924
8.644444,-0.243715
8.647222,-0.286688
8.650000,-0.115266
8.652778,0.036921
8.655556,-0.046395
8.658333,-0.130920
8.661111,-0.272694
8.663889,-0.258690
8.666667,-0.133963
8.669444,-0.032178
8.672222,-0.026868
8.675000,-0.163072
8.677778,-0.250734
8.680556,-0.310182
8.683333,-0.139957
8.686111,0.004155
8.688889,-0.020844
8.691667,-0.109410
8.694444,-0.277556
8.697222,-0.259619
8.700000,-0.176279
8.702778,-0.017570
8.705556,-0.070325
8.708333,-0.151256
8.711111,-0.294675
8.713889,-0.334321
8.716667,-0.150512
8.719444,-0.031673
8.722222,-0.049336
8.725000,-0.175950
8.727778,-0.305980
8.730556,-0.307910
8.733333,-0.171720
8.736111,-0.030142
8.738889,-0.045672
8.741667,-0.190106
8.744444,-0.302167
8.747222,-0.314675
8.750000,-0.169273
8.752778,-0.060225
8.755556,-0.029785
8.758333,-0.177127
8.761111,-0.325753
8.763889,-0.300989
8.766667,-0.201495
8.769444,-0.090202
8.772222,-0.013060
8.775000,-0.127805
8.777778,-0.357688
8.780556,-0.310984
8.783333,-0.179756
8.786111,-0.060895
8.788889,-0.047954
8.791667,-0.195426
8.794444,-0.326554
8.797222,-0.346321
8.800000,-0.189881
8.802778,-0.038296
8.805556,-0.045558
8.808333,-0.201027
8.811111,-0.324395
8.813889,-0.321304
8.816667,-0.229348
8.819444,-0.060764
8.822222,-0.085513
8.825000,-0.210932
8.827778,-0.342364
8.830556,-0.321115
8.833333,-0.228414
8.836111,-0.051536
8.838889,-0.064907
8.841667,-0.213474
8.844444,-0.306398
8.847222,-0.310973
8.850000,-0.169623
8.852778,-0.042504
8.855556,-0.065223
8.858333,-0.176845
8.861111,-0.305865
8.863889,-0.300535
8.866667,-0.170319
8.869444,-0.045176
8.872222,-0.020427
8.875000,-0.125422
8.877778,-0.214016
8.880556,-0.259487
8.883333,-0.128073
8.886111,0.025740
8.888889,0.041089
8.891667,-0.045518
8.894444,-0.221640
8.897222,-0.182752
8.900000,-0.085220
8.902778,0.049824
8.905556,0.075076
8.908333,-0.066510
8.911111,-0.198969
8.913889,-0.258416
8.916667,-0.118072
8.919444,0.003808
8.922222,0.012262
8.925000,-0.153501
8.927778,-0.283922
8.930556,-0.297150
8.933333,-0.191768
8.936111,-0.047436
8.938889,-0.035019
8.941667,-0.209357
8.944444,-0.330920
8.947222,-0.330938
8.950000,-0.216816
8.952778,-0.077041
8.955556,-0.113977
8.958333,-0.235816
8.961111,-0.367022
8.963889,-0.348805
8.966667,-0.240775
8.969444,-0.109330
8.972222,-0.084604
8.975000,-0.202900
8.977778,-0.381257
8.980556,-0.344230
8.983333,-0.221937
8.986111,-0.115369
8.988889,-0.081686
8.991667,-0.247627
8.994444,-0.385484
8.997222,-0.389477
9.000000,-0.244026
9.002778,-0.132879
9.005556,-0.080154
9.008333,-0.225972
9.011111,-0.372737
9.013889,-0.363655
9.016667,-0.225046
9.019444,-0.095939
9.022222,-0.083725
9.025000,-0.226095
9.027778,-0.371826
9.030556,-0.400393
9.033333,-0.236122
9.036111,-0.095995
9.038889,-0.089395
9.041667,-0.243163
9.044444,-0.384062
9.047222,-0.413425
9.050000,-0.292231
9.052778,-0.146880
9.055556,-0.190689
9.058333,-0.344145
9.061111,-0.463521
9.063889,-0.439982
9.066667,-0.368446
9.069444,-0.146361
9.072222,-0.130717
9.075000,-0.235761
9.077778,-0.240133
9.080556,-0.055300
9.083333,0.187852
9.086111,0.479844
9.088889,0.691232
9.091667,0.671101
9.094444,0.707748
9.097222,0.791010
9.100000,0.970988
9.102778,1.063429
9.105556,0.951820
9.108333,0.721122
9.111111,0.410503
9.113889,0.150317
9.116667,0.164708
9.119444,0.145630
9.122222,0.015363
9.125000,-0.258911
9.127778,-0.464821
9.130556,-0.562017
9.133333,-0.472970
9.136111,-0.403475
9.138889,-0.341300
9.141667,-0.449086
9.144444,-0.528310
9.147222,-0.485832
9.150000,-0.364183
9.152778,-0.186428
9.155556,-0.137062
9.158333,-0.247878
9.161111,-0.381071
9.163889,-0.402776
9.166667,-0.241777
9.169444,-0.105986
9.172222,-0.087035
9.175000,-0.233296
9.177778,-0.376158
9.180556,-0.379966
9.183333,-0.245839
9.186111,-0.143171
9.188889,-0.133755
9.191667,-0.269257
9.194444,-0.375929
9.197222,-0.355694
9.200000,-0.249555
9.202778,-0.138852
9.205556,-0.128426
9.208333,-0.222898
9.211111,-0.374570
9.213889,-0.343903
9.216667,-0.233520
9.219444,-0.126521
9.222222,-0.116851
9.225000,-0.280644
9.227778,-0.372179
9.230556,-0.364649
9.233333,-0.258228
9.236111,-0.099609
9.238889,-0.097877
9.241667,-0.243675
9.244444,-0.369329
9.247222,-0.349124
9.250000,-0.227699
9.252778,-0.089046
9.255556,-0.100916
9.258333,-0.196616
9.261111,-0.344122
9.263889,-0.356466
9.266667,-0.208978
9.269444,-0.083811
9.272222,-0.056492
9.275000,-0.226792
9.277778,-0.307842
9.280556,-0.321872
9.283333,-0.156832
9.286111,-0.003883
9.288889,-0.032978
9.291667,-0.117968
9.294444,-0.223765
9.297222,-0.234286
9.300000,-0.124691
9.302778,-0.009299
9.305556,0.049230
9.308333,-0.068507
9.311111,-0.190106
9.313889,-0.177918
9.316667,-0.097359
9.319444,0.129793
9.322222,0.160189
9.325000,-0.004502
9.327778,-0.119733
9.330556,-0.092583
9.333333,0.016964
9.336111,0.203323
9.338889,0.189812
9.341667,0.055502
9.344444,-0.092893
9.347222,-0.063110
9.350000,0.058844
9.352778,0.211707
9.355556,0.192947
9.358333,0.063144
9.361111,-0.064015
9.363889,-0.080371
9.366667,0.062797
9.369444,0.165864
9.372222,0.145999
9.375000,0.017106
9.377778,-0.138559
9.380556,-0.115448
9.383333,-0.009084
9.386111,0.085086
9.388889,0.125138
9.391667,-0.051058
9.394444,-0.210711
9.397222,-0.205875
9.400000,-0.084567
9.402778,0.057746
9.405556,0.008854
9.408333,-0.090883
9.411111,-0.227370
9.413889,-0.244486
9.416667,-0.126342
9.419444,0.014718
9.422222,-0.048904
9.425000,-0.153793
9.427778,-0.292541
9.430556,-0.346069
9.433333,-0.207379
9.436111,-0.075382
9.438889,-0.085644
9.441667,-0.227810
9.444444,-0.328442
9.447222,-0.352478
9.450000,-0.204136
9.452778,-0.106798
9.455556,-0.086550
9.458333,-0.221670
9.461111,-0.302142
9.463889,-0.337122
9.466667,-0.191347
9.469444,-0.117433
9.472222,-0.072128
9.475000,-0.165761
9.477778,-0.336796
9.480556,-0.317934
9.483333,-0.193060
9.486111,-0.076811
9.488889,-0.071416
9.491667,-0.216351
9.494444,-0.327134
9.497222,-0.343011
9.500000,-0.196401
9.502778,-0.096790
9.505556,-0.085743
9.508333,-0.191289
9.511111,-0.302710
9.513889,-0.297055
9.516667,-0.175597
9.519444,-0.063438
9.522222,-0.064108
9.525000,-0.194968
9.527778,-0.324466
9.530556,-0.330309
9.533333,-0.169171
9.536111,-0.040563
9.538889,-0.047251
9.541667,-0.194227
9.544444,-0.347124
9.547222,-0.318873
9.550000,-0.216815
9.552778,-0.071141
9.555556,-0.083345
9.558333,-0.174680
9.561111,-0.335598
9.563889,-0.335860
9.566667,-0.160481
9.569444,-0.045958
9.572222,-0.076593
9.575000,-0.164793
9.577778,-0.360700
9.580556,-0.312677
9.583333,-0.175096
9.586111,-0.055071
9.588889,-0.058476
9.591667,-0.165381
9.594444,-0.271362
9.597222,-0.285470
9.600000,-0.149011
9.602778,-0.024236
9.605556,-0.060150
9.608333,-0.164112
9.611111,-0.276188
9.613889,-0.271613
9.616667,-0.150810
9.619444,-0.027812
9.622222,-0.024489
9.625000,-0.173421
9.627778,-0.270471
9.630556,-0.287184
9.633333,-0.181173
9.636111,-0.030223
9.638889,0.003691
9.641667,-0.184903
9.644444,-0.247469
9.647222,-0.274131
9.650000,-0.192264
9.652778,-0.027037
9.655556,0.033443
9.658333,-0.120341
9.661111,-0.246011
9.663889,-0.226106
9.666667,-0.065524
9.669444,0.037575
9.672222,0.036074
9.675000,-0.070565
9.677778,-0.152928
9.680556,-0.177105
9.683333,-0.042837
9.686111,0.123995
9.688889,0.084971
9.691667,0.001520
9.694444,-0.109822
9.697222,-0.114012
9.700000,-0.018915
9.702778,0.172934
9.705556,0.163201
9.708333,0.007647
9.711111,-0.105878
9.713889,-0.130959
9.716667,0.002375
9.719444,0.104106
9.722222,0.092110
9.725000,0.000740
9.727778,-0.159867
9.730556,-0.169516
9.733333,-0.054850
9.736111,0.055209
9.738889,0.060032
9.741667,-0.099022
9.744444,-0.219551
9.747222,-0.222642
9.750000,-0.086464
9.752778,0.027746
9.755556,0.000689
9.758333,-0.053802
9.761111,-0.229388
9.763889,-0.248678
9.766667,-0.101616
9.769444,0.036397
9.772222,0.050029
9.775000,-0.112231
9.777778,-0.217485
9.780556,-0.216486
9.783333,-0.054788
9.786111,0.039041
9.788889,0.051662
9.791667,-0.072167
9.794444,-0.215518
9.797222,-0.221530
9.800000,-0.091640
9.802778,0.038809
9.805556,0.033659
9.808333,-0.110845
9.811111,-0.230190
9.813889,-0.167926
9.816667,-0.088543
9.819444,0.064246
9.822222,0.072950
9.825000,-0.059346
9.827778,-0.240284
9.830556,-0.210790
9.833333,-0.065476
9.836111,0.047727
9.838889,0.085964
9.841667,-0.056676
9.844444,-0.213097
9.847222,-0.202612
9.850000,-0.125876
9.852778,0.014203
9.855556,-0.056530
9.858333,-0.171625
9.861111,-0.318544
9.863889,-0.273085
9.866667,-0.168319
9.869444,-0.031671
9.872222,0.058121
9.875000,0.000183
9.877778,-0.035210
9.880556,0.094974
9.883333,0.381953
9.886111,0.678351
9.888889,0.830530
9.891667,0.909097
9.894444,0.882341
9.897222,0.969927
9.900000,1.161273
9.902778,1.237331
9.905556,1.128919
9.908333,0.905334
9.911111,0.573054
9.913889,0.423480
9.916667,0.386006
9.919444,0.326414
9.922222,0.208412
9.925000,-0.047699
9.927778,-0.265184
9.930556,-0.335919
9.933333,-0.261451
9.936111,-0.130706
9.938889,-0.135125
9.941667,-0.237912
9.944444,-0.302969
9.947222,-0.269873
9.950000,-0.096409
9.952778,0.053324
9.955556,0.092937
9.958333,-0.039148
9.961111,-0.146375
9.963889,-0.161772
9.966667,-0.044174
9.969444,0.080719
9.972222,0.111533
9.975000,-0.033325
9.977778,-0.151314
9.980556,-0.144292
9.983333,-0.070466
9.986111,0.131883
9.988889,0.128399
9.991667,-0.034323
9.994444,-0.116699
9.997222,-0.157870
